{"cameraMode":{"drawMode":0,"name":"Shaded","section":"Shading Mode"},"sceneLighting":true,"audioPlay":false,"sceneViewState":{"showFog":true,"showMaterialUpdate":false,"showSkybox":true,"showFlares":true,"showImageEffects":true,"showParticleSystems":true},"in2DMode":false,"pivot":{"x":-6.202303886413574,"y":-4.896697044372559,"z":-3.5367984771728517},"rotation":{"x":-0.3366296887397766,"y":0.3189171254634857,"z":-0.12234435230493546,"w":-0.8774988055229187},"size":30.510379791259767,"orthographic":false}